"Date","Price","Open","High","Low","Vol.","Change %"
"12/31/2025","60.85","61.33","61.92","60.63","208.85K","-1.73%"
"12/30/2025","61.92","61.56","62.32","61.45","29.69K","-0.03%"
"12/29/2025","61.94","60.91","62.19","60.87","86.95K","2.14%"
"12/26/2025","60.64","62.30","62.67","60.56","53.28K","-1.88%"
"12/24/2025","61.80","61.97","62.22","61.55","165.81K","-0.11%"
"12/23/2025","61.87","61.44","62.03","61.28","284.55K","0.47%"
"12/22/2025","61.58","60.25","61.66","60.11","323.72K","1.84%"
"12/19/2025","60.47","59.72","60.65","59.40","241.73K","1.09%"
"12/18/2025","59.82","60.61","60.67","59.54","237.23K","0.23%"
"12/17/2025","59.68","59.30","60.74","59.25","346.61K","1.29%"
"12/16/2025","58.92","60.39","60.40","58.72","356.77K","-2.71%"
"12/15/2025","60.56","61.09","61.50","60.13","288.63K","-0.92%"
"12/12/2025","61.12","61.60","61.86","60.81","246.06K","-0.26%"
"12/11/2025","61.28","62.42","62.63","60.77","328.70K","-1.49%"
"12/10/2025","62.21","62.11","62.73","61.35","298.74K","0.44%"
"12/09/2025","61.94","62.54","62.78","61.83","240.38K","-0.88%"
"12/08/2025","62.49","63.75","63.96","62.34","276.73K","-1.98%"
"12/05/2025","63.75","63.26","64.09","63.06","243.20K","0.77%"
"12/04/2025","63.26","62.72","63.62","62.53","218.46K","0.94%"
"12/03/2025","62.67","62.56","63.37","62.18","263.71K","0.35%"
"12/02/2025","62.45","63.33","63.35","62.17","300.18K","-1.14%"
"12/01/2025","63.17","62.69","63.82","62.69","313.72K","-0.05%"
"11/28/2025","63.20","63.36","63.76","63.05","23.58K","-0.22%"
"11/27/2025","63.34","63.01","63.45","62.75","64.93K","0.33%"
"11/26/2025","63.13","62.64","63.20","62.11","124.93K","1.04%"
"11/25/2025","62.48","63.36","63.36","61.60","232.00K","-1.40%"
"11/24/2025","63.37","62.70","63.56","61.94","209.01K","2.31%"
"11/21/2025","61.94","62.40","62.47","61.26","410.55K","-1.37%"
"11/20/2025","62.80","63.23","63.85","62.41","327.01K","-0.32%"
"11/19/2025","63.00","64.26","64.36","62.43","363.40K","-2.22%"
"11/18/2025","64.43","63.58","64.64","63.20","295.95K","1.05%"
"11/17/2025","63.76","63.60","64.24","63.23","207.69K","-0.98%"
"11/14/2025","64.39","63.36","64.87","63.36","461.05K","2.19%"
"11/13/2025","63.01","62.56","63.45","62.34","324.11K","0.48%"
"11/12/2025","62.71","65.15","65.15","62.56","403.45K","-3.76%"
"11/11/2025","65.16","63.94","65.31","63.60","309.79K","1.72%"
"11/10/2025","64.06","63.80","64.34","63.32","273.06K","0.68%"
"11/07/2025","63.63","63.63","64.39","63.23","358.55K","0.39%"
"11/06/2025","63.38","63.58","64.34","62.84","392.51K","-0.22%"
"11/05/2025","63.52","64.18","64.95","63.44","334.45K","-1.43%"
"11/04/2025","64.44","64.73","64.80","63.82","265.67K","-0.69%"
"11/03/2025","64.89","65.12","65.32","64.33","307.41K","-0.28%"
"10/31/2025","65.07","64.64","65.46","64.50","20.71K","0.11%"
"10/30/2025","65.00","64.69","65.15","64.06","110.56K","0.12%"
"10/29/2025","64.92","64.52","65.37","63.92","105.76K","0.81%"
"10/28/2025","64.40","65.54","65.76","64.00","232.27K","-1.86%"
"10/27/2025","65.62","66.16","66.64","65.06","247.02K","0.64%"
"10/24/2025","65.20","65.12","65.95","64.73","475.49K","-0.14%"
"10/23/2025","65.29","63.80","65.66","63.37","808.93K","4.92%"
"10/22/2025","62.23","61.34","64.04","61.09","429.97K","1.97%"
"10/21/2025","61.03","60.78","61.82","60.20","323.90K","0.25%"
"10/20/2025","60.88","61.16","61.37","59.97","225.22K","-0.67%"
"10/17/2025","61.29","61.00","61.47","60.14","378.72K","0.38%"
"10/16/2025","61.06","62.40","62.75","60.84","416.75K","-1.37%"
"10/15/2025","61.91","62.33","63.04","61.79","331.20K","-0.77%"
"10/14/2025","62.39","63.49","63.63","61.50","423.16K","-1.47%"
"10/13/2025","63.32","62.90","63.95","62.90","346.53K","0.94%"
"10/10/2025","62.73","65.27","65.36","62.00","547.99K","-3.82%"
"10/09/2025","65.22","65.82","66.58","64.96","345.80K","-1.55%"
"10/08/2025","66.25","65.80","66.54","65.76","325.86K","1.22%"
"10/07/2025","65.45","65.48","65.84","64.53","293.95K","-0.03%"
"10/06/2025","65.47","64.90","65.77","64.76","299.84K","1.46%"
"10/03/2025","64.53","64.38","65.02","64.20","311.95K","0.66%"
"10/02/2025","64.11","65.45","66.15","64.00","480.22K","-1.90%"
"10/01/2025","65.35","66.18","66.57","65.05","420.60K","-2.49%"
"09/30/2025","67.02","67.50","67.71","66.84","19.23K","-1.40%"
"09/29/2025","67.97","69.50","69.91","67.52","107.59K","-3.08%"
"09/26/2025","70.13","69.54","70.76","69.11","110.38K","1.02%"
"09/25/2025","69.42","69.04","69.68","68.42","210.51K","0.16%"
"09/24/2025","69.31","67.88","69.37","67.51","222.73K","3.49%"
"09/23/2025","66.97","65.99","67.42","65.49","344.39K","1.52%"
"09/22/2025","65.97","65.98","66.67","65.35","295.75K","-1.06%"
"09/19/2025","66.68","67.46","67.57","66.44","276.24K","-1.13%"
"09/18/2025","67.44","68.00","68.42","67.19","254.39K","-0.75%"
"09/17/2025","67.95","68.53","68.59","67.62","233.62K","-0.76%"
"09/16/2025","68.47","67.47","68.69","67.01","305.98K","1.53%"
"09/15/2025","67.44","67.33","67.85","66.78","207.09K","0.67%"
"09/12/2025","66.99","66.24","68.17","65.71","397.41K","0.93%"
"09/11/2025","66.37","67.58","67.62","66.15","247.54K","-1.66%"
"09/10/2025","67.49","66.69","67.78","66.66","274.93K","1.66%"
"09/09/2025","66.39","66.23","67.38","66.12","309.16K","0.56%"
"09/08/2025","66.02","65.55","67.04","65.51","257.32K","0.79%"
"09/05/2025","65.50","66.82","67.05","65.07","327.79K","-2.22%"
"09/04/2025","66.99","67.41","67.41","66.35","295.61K","-0.90%"
"09/03/2025","67.60","69.10","69.24","67.36","393.06K","-2.23%"
"09/02/2025","69.14","68.19","69.53","68.05","346.06K","1.45%"
"09/01/2025","68.15","67.42","68.36","67.12","151.21K","0.04%"
"08/29/2025","68.12","68.24","68.39","67.90","18.13K","-0.73%"
"08/28/2025","68.62","67.71","68.71","67.39","105.36K","0.84%"
"08/27/2025","68.05","67.39","68.12","66.91","131.60K","1.23%"
"08/26/2025","67.22","68.73","68.73","67.11","177.90K","-2.30%"
"08/25/2025","68.80","67.89","69.07","67.57","130.69K","2.35%"
"08/22/2025","67.22","67.05","67.45","66.89","276.32K","0.15%"
"08/21/2025","67.12","66.46","67.25","66.25","275.96K","1.22%"
"08/20/2025","66.31","65.59","66.54","65.31","263.66K","1.55%"
"08/19/2025","65.30","65.98","66.01","65.14","200.65K","-1.08%"
"08/18/2025","66.01","65.26","66.24","64.79","195.57K","0.24%"
"08/15/2025","65.85","66.87","67.06","65.73","251.20K","-1.48%"
"08/14/2025","66.84","65.76","66.99","65.55","275.02K","1.84%"
"08/13/2025","65.63","66.14","66.33","65.01","310.06K","-0.74%"
"08/12/2025","66.12","66.80","67.06","65.98","228.13K","-0.77%"
"08/11/2025","66.63","66.25","67.13","65.81","223.89K","0.06%"
"08/08/2025","66.59","66.42","67.22","65.53","375.28K","0.24%"
"08/07/2025","66.43","66.88","67.68","66.27","319.76K","-0.69%"
"08/06/2025","66.89","67.75","69.18","66.22","395.90K","-1.11%"
"08/05/2025","67.64","68.75","68.87","67.52","334.76K","-1.63%"
"08/04/2025","68.76","69.11","69.98","68.00","308.42K","-1.31%"
"08/01/2025","69.67","71.83","72.00","69.40","418.02K","-3.94%"
"07/31/2025","72.53","73.53","73.53","72.40","16.02K","-0.97%"
"07/30/2025","73.24","72.57","73.63","71.75","111.92K","1.01%"
"07/29/2025","72.51","70.28","73.08","69.86","136.65K","3.53%"
"07/28/2025","70.04","68.54","70.45","68.35","203.44K","2.34%"
"07/25/2025","68.44","69.36","69.86","68.31","166.66K","0.12%"
"07/24/2025","68.36","67.99","68.77","67.70","340.03K","0.78%"
"07/23/2025","67.83","68.02","68.26","67.29","327.38K","0.09%"
"07/22/2025","67.77","68.29","68.30","67.35","310.74K","-0.89%"
"07/21/2025","68.38","68.35","68.75","67.71","265.69K","-1.30%"
"07/18/2025","69.28","69.55","70.77","69.14","411.81K","-0.35%"
"07/17/2025","69.52","68.79","69.67","68.27","324.16K","1.46%"
"07/16/2025","68.52","68.98","69.09","67.71","361.65K","-0.28%"
"07/15/2025","68.71","69.15","69.41","68.60","314.88K","-0.72%"
"07/14/2025","69.21","70.50","71.53","69.02","362.84K","-1.63%"
"07/11/2025","70.36","68.84","70.71","68.55","290.55K","2.51%"
"07/10/2025","68.64","70.06","70.48","68.54","345.20K","-2.21%"
"07/09/2025","70.19","69.92","70.71","69.61","273.96K","0.06%"
"07/08/2025","70.15","69.50","70.68","69.03","282.68K","0.82%"
"07/07/2025","69.58","67.64","69.94","67.22","313.88K","1.87%"
"07/04/2025","68.30","68.85","68.89","67.75","160.48K","-0.73%"
"07/03/2025","68.80","68.86","69.14","68.32","313.95K","-0.45%"
"07/02/2025","69.11","67.11","69.21","66.94","384.48K","2.98%"
"07/01/2025","67.11","66.58","67.50","66.34","270.05K","-0.74%"
"06/30/2025","67.61","67.33","68.15","67.03","17.09K","-0.24%"
"06/27/2025","67.77","67.91","68.42","67.20","93.02K","0.06%"
"06/26/2025","67.73","67.77","69.05","67.38","111.54K","0.07%"
"06/25/2025","67.68","67.88","68.78","67.32","214.00K","0.80%"
"06/24/2025","67.14","68.37","70.20","66.82","453.90K","-4.79%"
"06/23/2025","70.52","78.90","79.40","68.64","789.17K","-6.57%"
"06/20/2025","75.48","75.73","76.01","74.00","390.10K","-2.08%"
"06/19/2025","77.08","74.95","77.18","74.17","359.43K","2.58%"
"06/18/2025","75.14","75.18","75.74","73.00","536.52K","0.32%"
"06/17/2025","74.90","72.50","75.53","71.46","514.73K","4.04%"
"06/16/2025","71.99","76.00","76.45","69.43","527.11K","-3.02%"
"06/13/2025","74.23","70.50","78.50","70.41","1.24M","7.02%"
"06/12/2025","69.36","70.23","70.40","68.36","507.90K","-0.59%"
"06/11/2025","69.77","66.60","70.83","66.47","511.83K","4.34%"
"06/10/2025","66.87","67.12","68.00","66.48","343.94K","-0.25%"
"06/09/2025","67.04","66.59","67.19","66.07","281.13K","0.86%"
"06/06/2025","66.47","65.26","66.67","64.80","335.32K","1.73%"
"06/05/2025","65.34","64.77","65.85","64.60","260.73K","0.74%"
"06/04/2025","64.86","65.52","65.95","64.27","376.27K","-1.17%"
"06/03/2025","65.63","65.16","65.95","64.51","357.85K","1.55%"
"06/02/2025","64.63","63.20","65.76","63.00","478.84K","1.14%"
"05/30/2025","63.90","64.11","64.67","63.65","17.26K","-0.39%"
"05/29/2025","64.15","65.03","66.13","63.79","120.07K","-0.26%"
"05/28/2025","64.32","63.86","65.05","63.51","336.00K","1.18%"
"05/27/2025","63.57","64.12","64.49","62.96","342.54K","-0.86%"
"05/26/2025","64.12","64.42","64.81","63.89","88.47K","-0.14%"
"05/23/2025","64.21","63.50","64.65","62.80","333.49K","0.45%"
"05/22/2025","63.92","64.14","64.50","63.07","310.83K","-0.71%"
"05/21/2025","64.38","65.45","65.93","64.03","378.48K","-0.59%"
"05/20/2025","64.76","64.91","65.27","64.23","277.36K","-0.06%"
"05/19/2025","64.80","64.73","65.28","63.84","269.75K","-0.93%"
"05/16/2025","65.41","64.70","65.54","64.18","315.00K","1.36%"
"05/15/2025","64.53","65.42","65.42","63.44","446.38K","-2.36%"
"05/14/2025","66.09","66.56","66.59","65.68","302.75K","-0.81%"
"05/13/2025","66.63","64.93","66.81","64.63","345.46K","2.57%"
"05/12/2025","64.96","64.05","66.40","63.88","417.96K","1.64%"
"05/09/2025","63.91","63.07","64.27","62.84","326.19K","1.70%"
"05/08/2025","62.84","61.06","63.38","61.00","350.88K","2.81%"
"05/07/2025","61.12","62.50","63.25","60.83","367.74K","-1.66%"
"05/06/2025","62.15","60.28","62.80","60.18","385.65K","3.19%"
"05/05/2025","60.23","59.50","60.82","58.50","321.53K","-1.73%"
"05/02/2025","61.29","61.82","62.72","60.69","373.28K","-1.35%"
"05/01/2025","62.13","61.23","62.40","59.30","449.04K","-1.57%"
"04/30/2025","63.12","64.11","64.33","62.99","24.16K","-1.76%"
"04/29/2025","64.25","65.79","65.83","63.90","120.75K","-2.44%"
"04/28/2025","65.86","67.25","67.57","65.25","139.73K","-1.51%"
"04/25/2025","66.87","66.57","67.18","65.55","183.22K","0.48%"
"04/24/2025","66.55","66.11","67.02","65.80","214.13K","2.10%"
"04/23/2025","65.18","67.01","67.64","64.39","461.72K","-1.96%"
"04/22/2025","66.48","65.80","67.08","65.58","305.54K","1.81%"
"04/21/2025","65.30","66.87","66.87","64.76","156.30K","-3.91%"
"04/17/2025","67.96","66.25","68.14","65.95","301.81K","3.20%"
"04/16/2025","65.85","64.82","66.36","63.79","348.37K","1.82%"
"04/15/2025","64.67","64.96","65.40","64.21","276.51K","-0.32%"
"04/14/2025","64.88","65.00","65.90","64.02","282.68K","0.19%"
"04/11/2025","64.76","63.16","65.08","62.77","411.66K","2.26%"
"04/10/2025","63.33","65.90","66.08","62.00","489.76K","-3.28%"
"04/09/2025","65.48","61.13","66.02","58.40","931.66K","4.23%"
"04/08/2025","62.82","64.59","65.21","61.34","667.30K","-2.16%"
"04/07/2025","64.21","64.90","67.43","62.51","881.70K","-2.09%"
"04/04/2025","65.58","70.00","70.11","64.03","987.63K","-6.50%"
"04/03/2025","70.14","72.70","73.40","69.48","751.22K","-6.42%"
"04/02/2025","74.95","74.52","75.47","73.10","448.93K","0.62%"
"04/01/2025","74.49","74.67","75.29","74.33","440.73K","-0.33%"
"03/31/2025","74.74","73.76","74.81","73.18","23.45K","1.51%"
"03/28/2025","73.63","74.03","74.20","73.22","92.71K","-0.54%"
"03/27/2025","74.03","73.90","74.07","73.23","113.71K","0.33%"
"03/26/2025","73.79","73.27","74.17","73.09","185.49K","1.05%"
"03/25/2025","73.02","73.08","73.57","72.50","224.65K","0.90%"
"03/24/2025","72.37","71.70","72.57","71.26","329.03K","1.06%"
"03/21/2025","71.61","71.80","71.97","71.01","303.43K","0.20%"
"03/20/2025","71.47","70.49","71.76","70.10","364.36K","1.64%"
"03/19/2025","70.32","70.05","70.77","69.51","253.48K","0.29%"
"03/18/2025","70.12","70.44","71.68","69.85","315.81K","-0.68%"
"03/17/2025","70.60","70.18","71.27","70.17","224.67K","0.03%"
"03/14/2025","70.58","70.16","70.75","69.93","238.55K","1.00%"
"03/13/2025","69.88","70.95","71.25","69.66","331.69K","-1.51%"
"03/12/2025","70.95","69.95","71.10","69.48","273.31K","2.00%"
"03/11/2025","69.56","69.05","70.44","68.63","282.86K","0.40%"
"03/10/2025","69.28","70.49","70.88","69.05","275.18K","-1.53%"
"03/07/2025","70.36","69.43","71.40","69.30","395.50K","1.30%"
"03/06/2025","69.46","69.43","69.90","68.74","409.42K","0.23%"
"03/05/2025","69.30","71.02","71.18","68.33","473.00K","-2.45%"
"03/04/2025","71.04","71.30","71.36","69.75","505.15K","-0.81%"
"03/03/2025","71.62","73.04","73.67","71.17","413.71K","-2.13%"
"02/28/2025","73.18","73.72","73.84","72.97","16.15K","-1.16%"
"02/27/2025","74.04","72.70","74.26","72.49","78.87K","2.08%"
"02/26/2025","72.53","73.16","73.34","72.39","126.28K","-0.67%"
"02/25/2025","73.02","74.74","75.26","72.70","188.29K","-1.74%"
"02/24/2025","74.31","73.76","74.50","73.71","263.74K","0.35%"
"02/21/2025","74.05","76.21","76.32","73.80","325.12K","-2.63%"
"02/20/2025","76.05","75.68","76.71","75.36","309.86K","0.50%"
"02/19/2025","75.67","75.44","76.40","75.38","250.06K","0.32%"
"02/18/2025","75.43","74.95","75.67","74.59","285.65K","0.67%"
"02/17/2025","74.93","74.36","75.07","73.91","189.58K","0.25%"
"02/14/2025","74.74","75.00","75.85","74.53","302.06K","-0.37%"
"02/13/2025","75.02","74.97","75.37","74.06","331.42K","-0.21%"
"02/12/2025","75.18","76.82","76.91","74.92","371.41K","-2.36%"
"02/11/2025","77.00","75.94","77.29","75.90","349.47K","1.49%"
"02/10/2025","75.87","74.59","76.23","74.51","271.70K","1.62%"
"02/07/2025","74.66","74.31","75.12","74.26","290.58K","0.50%"
"02/06/2025","74.29","74.71","75.40","74.10","378.11K","-0.43%"
"02/05/2025","74.61","76.21","76.34","74.56","343.53K","-2.09%"
"02/04/2025","76.20","75.40","76.66","74.15","576.12K","0.32%"
"02/03/2025","75.96","76.79","77.34","75.04","548.33K","-1.04%"
"01/31/2025","76.76","77.25","77.51","76.48","17.83K","-0.14%"
"01/30/2025","76.87","76.77","77.63","76.00","84.79K","0.38%"
"01/29/2025","76.58","77.62","77.70","76.31","104.85K","-1.17%"
"01/28/2025","77.49","77.01","78.18","76.85","215.56K","0.53%"
"01/27/2025","77.08","78.34","79.00","76.30","247.12K","-0.61%"
"01/24/2025","77.55","77.17","78.08","76.92","380.75K","-0.01%"
"01/23/2025","77.56","78.01","78.80","77.12","379.04K","-0.75%"
"01/22/2025","78.15","78.47","78.91","77.95","347.64K","-0.32%"
"01/21/2025","78.40","78.78","79.37","77.66","382.47K","-0.88%"
"01/20/2025","79.10","79.72","79.99","78.43","276.32K","-2.09%"
"01/17/2025","80.79","81.44","81.93","80.50","309.20K","-0.62%"
"01/16/2025","81.29","82.42","82.57","80.39","453.67K","-0.90%"
"01/15/2025","82.03","80.29","82.63","79.62","484.58K","2.64%"
"01/14/2025","79.92","80.92","81.15","79.87","445.38K","-1.35%"
"01/13/2025","81.01","79.76","81.68","79.76","610.62K","1.57%"
"01/10/2025","79.76","77.26","80.75","77.03","762.62K","3.69%"
"01/09/2025","76.92","76.18","77.27","75.68","302.92K","1.00%"
"01/08/2025","76.16","77.30","77.89","76.04","442.51K","-1.16%"
"01/07/2025","77.05","76.18","77.30","75.91","368.63K","0.98%"
"01/06/2025","76.30","76.58","77.50","75.94","372.57K","-0.27%"
"01/03/2025","76.51","75.98","76.73","75.53","314.61K","0.76%"
"01/02/2025","75.93","74.93","76.55","74.72","365.43K","1.73%"
"12/31/2024","74.64","74.25","74.89","73.84","190.98K","0.34%"
"12/30/2024","74.39","73.81","74.63","73.80","23.42K","0.30%"
"12/27/2024","74.17","73.16","74.29","73.05","82.60K","1.24%"
"12/26/2024","73.26","73.77","74.17","72.99","54.05K","-0.43%"
"12/24/2024","73.58","72.96","73.81","72.79","93.49K","1.31%"
"12/23/2024","72.63","72.86","73.38","71.98","184.07K","-0.43%"
"12/20/2024","72.94","72.57","73.29","72.00","240.71K","0.08%"
"12/19/2024","72.88","72.91","73.86","72.53","302.55K","-0.69%"
"12/18/2024","73.39","73.26","74.20","72.80","285.30K","0.27%"
"12/17/2024","73.19","73.91","74.18","72.48","270.25K","-0.97%"
"12/16/2024","73.91","74.60","74.60","73.70","234.42K","-0.78%"
"12/13/2024","74.49","73.33","74.59","73.30","246.40K","1.47%"
"12/12/2024","73.41","73.60","74.00","72.42","324.25K","-0.15%"
"12/11/2024","73.52","72.15","73.75","72.15","308.96K","1.84%"
"12/10/2024","72.19","71.94","72.72","71.53","265.90K","0.07%"
"12/09/2024","72.14","70.92","72.65","70.92","231.21K","1.43%"
"12/06/2024","71.12","72.12","72.19","70.85","290.06K","-1.35%"
"12/05/2024","72.09","72.52","72.92","71.80","318.76K","-0.30%"
"12/04/2024","72.31","73.62","74.28","72.25","340.35K","-1.78%"
"12/03/2024","73.62","71.93","73.93","71.68","365.42K","2.49%"
"12/02/2024","71.83","72.00","72.89","71.52","289.49K","-1.52%"
"11/29/2024","72.94","73.11","73.47","72.56","23.33K","-0.46%"
"11/28/2024","73.28","72.87","73.49","72.38","49.82K","0.62%"
"11/27/2024","72.83","72.88","73.37","72.27","106.53K","0.03%"
"11/26/2024","72.81","72.85","74.36","72.09","200.70K","-0.27%"
"11/25/2024","73.01","75.38","75.38","72.84","282.16K","-2.87%"
"11/22/2024","75.17","74.29","75.41","73.43","298.30K","1.27%"
"11/21/2024","74.23","73.10","74.40","72.91","307.87K","1.95%"
"11/20/2024","72.81","73.38","73.94","72.70","260.51K","-0.68%"
"11/19/2024","73.31","73.15","73.87","72.61","354.13K","0.01%"
"11/18/2024","73.30","70.80","73.47","70.70","333.85K","3.18%"
"11/15/2024","71.04","72.28","72.49","70.83","307.47K","-2.09%"
"11/14/2024","72.56","72.12","73.22","71.79","264.41K","0.39%"
"11/13/2024","72.28","71.78","72.63","70.72","388.33K","0.54%"
"11/12/2024","71.89","71.97","72.82","71.55","317.34K","0.08%"
"11/11/2024","71.83","73.85","74.13","71.57","366.90K","-2.76%"
"11/08/2024","73.87","75.55","75.61","73.44","324.16K","-2.33%"
"11/07/2024","75.63","74.99","76.08","74.02","397.04K","0.95%"
"11/06/2024","74.92","75.30","75.98","73.34","467.56K","-0.81%"
"11/05/2024","75.53","75.00","76.24","74.90","296.48K","0.60%"
"11/04/2024","75.08","74.00","75.40","73.88","299.39K","2.71%"
"11/01/2024","73.10","74.11","74.94","72.89","336.96K","-0.08%"
"10/31/2024","73.16","72.85","73.38","72.20","14.27K","0.84%"
"10/30/2024","72.55","71.39","73.12","71.08","90.92K","2.01%"
"10/29/2024","71.12","72.00","72.60","70.72","108.89K","-0.42%"
"10/28/2024","71.42","72.77","73.28","71.18","317.18K","-6.09%"
"10/25/2024","76.05","74.66","76.14","74.17","209.78K","2.25%"
"10/24/2024","74.38","75.35","76.54","74.00","272.67K","-0.77%"
"10/23/2024","74.96","75.73","76.05","74.42","288.44K","-1.42%"
"10/22/2024","76.04","74.23","76.32","73.57","353.15K","2.36%"
"10/21/2024","74.29","73.11","74.57","72.80","279.25K","1.68%"
"10/18/2024","73.06","74.59","74.95","72.50","320.78K","-1.87%"
"10/17/2024","74.45","74.47","74.92","73.26","298.43K","0.31%"
"10/16/2024","74.22","74.71","74.93","73.42","323.37K","-0.04%"
"10/15/2024","74.25","75.22","75.57","73.34","491.23K","-4.14%"
"10/14/2024","77.46","78.55","78.55","74.86","343.07K","-2.00%"
"10/11/2024","79.04","79.14","79.50","78.04","365.34K","-0.45%"
"10/10/2024","79.40","76.76","79.72","76.72","400.89K","3.68%"
"10/09/2024","76.58","77.49","78.02","75.15","497.00K","-0.78%"
"10/08/2024","77.18","80.96","81.14","76.36","646.38K","-4.63%"
"10/07/2024","80.93","78.07","81.16","77.23","496.80K","3.69%"
"10/04/2024","78.05","77.79","79.30","77.39","562.05K","0.55%"
"10/03/2024","77.62","74.59","77.99","74.31","643.31K","5.03%"
"10/02/2024","73.90","74.47","76.14","73.59","541.74K","0.46%"
"10/01/2024","73.56","71.85","75.45","69.91","869.15K","2.49%"
"09/30/2024","71.77","72.50","73.17","71.26","19.52K","-0.29%"
"09/27/2024","71.98","71.42","72.45","70.91","99.35K","0.53%"
"09/26/2024","71.60","73.40","73.80","70.72","162.22K","-2.53%"
"09/25/2024","73.46","75.18","75.35","73.06","283.66K","-2.27%"
"09/24/2024","75.17","74.13","75.87","73.95","238.47K","1.72%"
"09/23/2024","73.90","74.71","75.17","73.10","273.95K","-0.79%"
"09/20/2024","74.49","74.77","75.00","74.00","221.09K","-0.52%"
"09/19/2024","74.88","73.13","75.18","72.91","299.01K","1.67%"
"09/18/2024","73.65","73.69","74.10","72.31","290.81K","-0.07%"
"09/17/2024","73.70","72.91","74.28","72.17","274.59K","1.31%"
"09/16/2024","72.75","72.09","73.39","71.52","232.18K","1.59%"
"09/13/2024","71.61","72.30","73.24","71.46","260.64K","-0.50%"
"09/12/2024","71.97","70.60","72.87","70.59","361.87K","1.93%"
"09/11/2024","70.61","69.68","71.09","69.00","354.35K","2.05%"
"09/10/2024","69.19","71.92","72.28","68.68","395.71K","-3.69%"
"09/09/2024","71.84","71.66","72.21","70.65","314.52K","1.10%"
"09/06/2024","71.06","72.81","73.53","70.61","374.05K","-2.24%"
"09/05/2024","72.69","72.76","74.20","72.37","394.47K","-0.01%"
"09/04/2024","72.70","73.67","74.80","72.35","523.50K","-1.42%"
"09/03/2024","73.75","77.16","77.55","73.51","568.05K","-4.86%"
"09/02/2024","77.52","76.95","77.63","76.21","181.37K","-1.62%"
"08/30/2024","78.80","79.92","80.60","78.57","17.11K","-1.43%"
"08/29/2024","79.94","78.52","80.78","78.12","97.64K","1.64%"
"08/28/2024","78.65","79.87","80.01","77.95","121.16K","-1.13%"
"08/27/2024","79.55","81.26","81.59","79.47","238.22K","-2.31%"
"08/26/2024","81.43","79.35","81.58","79.24","234.38K","3.05%"
"08/23/2024","79.02","77.25","79.27","77.03","216.34K","2.33%"
"08/22/2024","77.22","75.96","77.70","75.77","277.53K","1.54%"
"08/21/2024","76.05","77.13","78.21","75.65","323.32K","-1.49%"
"08/20/2024","77.20","77.66","78.35","76.55","367.14K","-0.59%"
"08/19/2024","77.66","79.60","79.81","77.48","366.54K","-2.54%"
"08/16/2024","79.68","80.86","81.02","78.62","320.91K","-1.68%"
"08/15/2024","81.04","79.96","81.43","79.61","270.93K","1.60%"
"08/14/2024","79.76","81.00","81.44","79.60","359.13K","-1.15%"
"08/13/2024","80.69","81.88","82.30","80.55","356.46K","-1.96%"
"08/12/2024","82.30","79.56","82.40","79.46","328.38K","3.31%"
"08/09/2024","79.66","79.03","79.83","78.77","213.07K","0.63%"
"08/08/2024","79.16","78.55","79.37","77.63","320.08K","1.06%"
"08/07/2024","78.33","76.16","78.87","75.95","444.74K","2.42%"
"08/06/2024","76.48","77.45","77.85","75.58","393.03K","0.24%"
"08/05/2024","76.30","77.61","77.74","75.05","557.81K","-0.66%"
"08/02/2024","76.81","79.98","80.46","76.42","501.31K","-3.41%"
"08/01/2024","79.52","81.44","81.80","79.43","364.93K","-1.49%"
"07/31/2024","80.72","79.02","80.95","79.02","12.09K","2.66%"
"07/30/2024","78.63","79.64","79.99","78.43","87.78K","-1.44%"
"07/29/2024","79.78","81.30","81.74","79.36","132.25K","-1.66%"
"07/26/2024","81.13","82.40","82.71","80.33","204.95K","-1.51%"
"07/25/2024","82.37","81.58","82.53","80.09","332.16K","0.81%"
"07/24/2024","81.71","81.46","82.23","80.93","298.20K","0.86%"
"07/23/2024","81.01","82.25","82.79","80.51","384.32K","-1.69%"
"07/22/2024","82.40","82.80","83.22","81.60","341.72K","-0.28%"
"07/19/2024","82.63","84.72","85.35","82.56","362.34K","-2.91%"
"07/18/2024","85.11","85.23","85.81","84.22","368.32K","0.04%"
"07/17/2024","85.08","83.66","85.20","83.43","325.40K","1.61%"
"07/16/2024","83.73","84.78","84.86","83.30","327.85K","-1.32%"
"07/15/2024","84.85","85.10","85.37","84.42","229.27K","-0.21%"
"07/12/2024","85.03","85.69","86.35","84.95","363.93K","-0.43%"
"07/11/2024","85.40","85.45","85.89","84.64","336.70K","0.38%"
"07/10/2024","85.08","84.92","85.66","84.00","401.56K","0.50%"
"07/09/2024","84.66","85.67","85.85","84.53","354.29K","-1.27%"
"07/08/2024","85.75","86.74","86.92","85.56","303.58K","-0.91%"
"07/05/2024","86.54","87.45","87.95","86.49","265.30K","-1.02%"
"07/04/2024","87.43","87.09","87.59","86.51","179.04K","0.10%"
"07/03/2024","87.34","86.44","87.39","85.89","334.82K","1.28%"
"07/02/2024","86.24","86.71","87.46","86.16","429.15K","-0.42%"
"07/01/2024","86.60","84.90","86.88","84.85","401.36K","0.22%"
"06/28/2024","86.41","86.56","87.22","86.24","20.94K","0.02%"
"06/27/2024","86.39","85.01","86.50","84.88","119.99K","1.34%"
"06/26/2024","85.25","84.89","85.81","84.47","142.86K","0.28%"
"06/25/2024","85.01","86.06","86.23","84.74","197.50K","-1.16%"
"06/24/2024","86.01","84.99","86.16","84.71","179.76K","0.90%"
"06/21/2024","85.24","85.66","86.24","84.84","240.12K","-0.55%"
"06/20/2024","85.71","85.19","85.96","84.95","256.46K","0.75%"
"06/19/2024","85.07","85.40","85.84","84.90","251.83K","-0.30%"
"06/18/2024","85.33","84.31","85.49","83.67","402.24K","1.28%"
"06/17/2024","84.25","82.61","84.55","82.10","359.72K","1.97%"
"06/14/2024","82.62","82.05","83.39","81.92","336.48K","-0.16%"
"06/13/2024","82.75","82.42","83.05","81.80","334.00K","0.18%"
"06/12/2024","82.60","82.08","83.34","81.96","333.39K","0.83%"
"06/11/2024","81.92","81.97","82.36","81.19","332.53K","0.36%"
"06/10/2024","81.63","79.38","82.17","79.34","344.71K","2.52%"
"06/07/2024","79.62","80.05","80.38","79.32","267.07K","-0.31%"
"06/06/2024","79.87","78.70","80.08","78.38","344.98K","1.86%"
"06/05/2024","78.41","77.29","78.66","77.18","339.35K","1.15%"
"06/04/2024","77.52","78.14","78.22","76.76","472.05K","-1.07%"
"06/03/2024","78.36","81.15","81.65","78.09","458.86K","-3.99%"
"05/31/2024","81.62","81.74","82.18","81.17","17.29K","-0.29%"
"05/30/2024","81.86","83.51","83.77","81.80","105.41K","-2.08%"
"05/29/2024","83.60","84.61","85.02","83.29","127.27K","-0.74%"
"05/28/2024","84.22","83.00","84.62","83.00","184.26K","1.35%"
"05/27/2024","83.10","82.20","83.20","82.08","56.71K","1.19%"
"05/24/2024","82.12","81.40","82.46","80.65","180.64K","0.93%"
"05/23/2024","81.36","81.59","82.97","80.93","322.41K","-0.66%"
"05/22/2024","81.90","82.58","82.63","81.57","347.60K","-1.18%"
"05/21/2024","82.88","83.75","83.76","82.04","388.56K","-0.99%"
"05/20/2024","83.71","83.98","84.49","83.11","299.83K","-0.32%"
"05/17/2024","83.98","83.43","84.04","83.08","277.18K","0.85%"
"05/16/2024","83.27","83.03","83.78","82.31","305.71K","0.63%"
"05/15/2024","82.75","82.76","83.07","81.05","385.98K","0.45%"
"05/14/2024","82.38","83.41","83.62","82.10","333.57K","-1.18%"
"05/13/2024","83.36","82.78","83.84","82.26","331.78K","0.69%"
"05/10/2024","82.79","84.21","84.53","82.70","311.45K","-1.30%"
"05/09/2024","83.88","83.79","84.33","83.45","309.45K","0.36%"
"05/08/2024","83.58","83.02","83.82","81.71","395.43K","0.51%"
"05/07/2024","83.16","83.72","83.88","82.41","365.21K","-0.20%"
"05/06/2024","83.33","82.99","83.83","82.77","222.39K","0.45%"
"05/03/2024","82.96","83.90","84.39","82.78","335.57K","-0.85%"
"05/02/2024","83.67","83.59","84.44","83.05","392.64K","0.28%"
"05/01/2024","83.44","85.80","85.89","83.29","482.83K","-5.03%"
"04/30/2024","87.86","88.41","88.79","87.46","14.19K","-0.61%"
"04/29/2024","88.40","89.22","89.29","88.11","99.95K","-1.23%"
"04/26/2024","89.50","89.23","89.83","88.78","113.70K","0.55%"
"04/25/2024","89.01","87.89","89.31","87.31","241.35K","1.12%"
"04/24/2024","88.02","88.45","88.86","87.65","241.64K","-0.45%"
"04/23/2024","88.42","87.20","88.51","86.03","341.78K","1.63%"
"04/22/2024","87.00","87.07","87.26","85.79","372.13K","-0.33%"
"04/19/2024","87.29","87.04","90.75","86.19","499.71K","0.21%"
"04/18/2024","87.11","87.42","87.80","86.09","433.24K","-0.21%"
"04/17/2024","87.29","90.11","90.17","87.13","462.93K","-3.03%"
"04/16/2024","90.02","90.43","90.84","89.41","323.52K","-0.09%"
"04/15/2024","90.10","90.95","91.05","88.73","410.36K","-0.39%"
"04/12/2024","90.45","90.13","92.18","90.01","401.22K","0.79%"
"04/11/2024","89.74","90.52","90.92","89.38","377.53K","-0.82%"
"04/10/2024","90.48","89.55","90.71","88.83","371.23K","1.19%"
"04/09/2024","89.42","90.63","90.94","89.25","346.43K","-1.06%"
"04/08/2024","90.38","90.09","91.10","88.78","392.34K","-0.87%"
"04/05/2024","91.17","91.21","91.91","90.57","390.78K","0.57%"
"04/04/2024","90.65","89.48","91.30","88.72","390.95K","1.45%"
"04/03/2024","89.35","89.22","89.99","88.67","367.37K","0.48%"
"04/02/2024","88.92","87.62","89.32","87.62","427.94K","1.72%"
"04/01/2024","87.42","86.98","87.98","86.40","274.96K","-0.07%"
"03/28/2024","87.48","86.41","87.52","86.30","18.69K","1.61%"
"03/27/2024","86.09","85.86","86.39","85.17","96.51K","-0.19%"
"03/26/2024","86.25","86.81","87.06","85.80","126.82K","-0.58%"
"03/25/2024","86.75","85.50","87.17","85.40","175.00K","1.55%"
"03/22/2024","85.43","85.66","86.15","85.11","168.35K","-0.41%"
"03/21/2024","85.78","86.24","86.64","85.06","271.87K","-0.20%"
"03/20/2024","85.95","87.15","87.35","85.59","386.30K","-1.64%"
"03/19/2024","87.38","86.94","87.70","86.48","367.42K","0.56%"
"03/18/2024","86.89","85.32","87.18","85.25","390.07K","1.82%"
"03/15/2024","85.34","85.15","85.55","84.60","287.01K","-0.09%"
"03/14/2024","85.42","84.04","85.69","83.98","383.73K","1.65%"
"03/13/2024","84.03","82.45","84.24","81.96","391.69K","2.58%"
"03/12/2024","81.92","82.45","83.01","81.69","320.25K","-0.35%"
"03/11/2024","82.21","82.00","82.75","81.08","347.33K","0.16%"
"03/08/2024","82.08","83.18","83.84","81.71","320.30K","-1.06%"
"03/07/2024","82.96","82.92","83.53","82.07","374.57K","0.00%"
"03/06/2024","82.96","82.01","84.05","81.85","372.05K","1.12%"
"03/05/2024","82.04","82.74","83.14","81.72","450.40K","-0.92%"
"03/04/2024","82.80","83.50","84.08","82.57","369.83K","-0.90%"
"03/01/2024","83.55","82.07","84.34","81.81","402.47K","-0.08%"
"02/29/2024","83.62","83.23","83.90","83.05","16.34K","-0.07%"
"02/28/2024","83.68","83.30","84.31","82.60","107.85K","0.04%"
"02/27/2024","83.65","82.64","83.70","82.10","79.81K","1.36%"
"02/26/2024","82.53","81.41","83.07","81.00","180.34K","1.11%"
"02/23/2024","81.62","83.39","83.48","81.43","226.40K","-2.45%"
"02/22/2024","83.67","83.20","83.96","82.33","275.28K","0.77%"
"02/21/2024","83.03","82.50","83.17","81.66","305.18K","0.84%"
"02/20/2024","82.34","83.24","83.63","82.05","297.03K","-1.46%"
"02/19/2024","83.56","83.28","83.60","82.55","185.06K","0.11%"
"02/16/2024","83.47","82.79","83.66","81.89","337.06K","0.74%"
"02/15/2024","82.86","81.42","83.25","80.72","330.45K","1.54%"
"02/14/2024","81.60","82.60","83.60","81.39","344.36K","-1.41%"
"02/13/2024","82.77","82.00","83.24","81.96","331.80K","0.94%"
"02/12/2024","82.00","81.94","82.19","80.77","246.24K","-0.23%"
"02/09/2024","82.19","81.72","82.45","81.21","315.32K","0.69%"
"02/08/2024","81.63","79.30","81.90","79.03","436.50K","3.06%"
"02/07/2024","79.21","78.70","79.50","78.49","291.68K","0.79%"
"02/06/2024","78.59","77.95","79.08","77.63","305.61K","0.77%"
"02/05/2024","77.99","77.90","78.33","76.62","293.37K","0.85%"
"02/02/2024","77.33","79.15","79.44","76.85","411.75K","-1.74%"
"02/01/2024","78.70","80.57","81.55","78.57","525.77K","-3.68%"
"01/31/2024","81.71","82.94","82.94","81.59","14.38K","-1.40%"
"01/30/2024","82.87","82.62","83.30","81.34","89.31K","0.57%"
"01/29/2024","82.40","84.13","84.80","82.03","129.91K","-1.38%"
"01/26/2024","83.55","82.44","83.81","81.31","240.25K","1.36%"
"01/25/2024","82.43","80.31","82.57","80.06","248.18K","2.99%"
"01/24/2024","80.04","79.56","80.73","79.05","230.75K","0.62%"
"01/23/2024","79.55","79.92","80.43","78.70","331.10K","-0.64%"
"01/22/2024","80.06","78.89","80.55","77.81","319.71K","1.91%"
"01/19/2024","78.56","79.10","79.73","78.32","282.31K","-0.68%"
"01/18/2024","79.10","78.15","79.30","77.33","325.29K","1.57%"
"01/17/2024","77.88","77.77","78.19","76.50","355.40K","-0.52%"
"01/16/2024","78.29","78.43","79.40","77.60","298.55K","0.18%"
"01/15/2024","78.15","78.14","78.90","76.85","177.69K","-0.18%"
"01/12/2024","78.29","78.75","80.75","77.96","401.34K","1.14%"
"01/11/2024","77.41","76.70","79.10","76.66","396.77K","0.79%"
"01/10/2024","76.80","77.48","78.73","76.38","353.70K","-1.02%"
"01/09/2024","77.59","76.30","78.19","75.95","346.79K","1.93%"
"01/08/2024","76.12","78.70","78.95","75.26","342.63K","-3.35%"
"01/05/2024","78.76","77.71","79.26","77.66","291.00K","1.51%"
"01/04/2024","77.59","78.56","79.41","76.50","356.65K","-0.84%"
"01/03/2024","78.25","76.06","78.67","74.79","361.77K","3.11%"
"01/02/2024","75.89","77.39","79.06","75.60","338.35K","-1.49%"
"12/29/2023","77.04","77.38","77.98","76.73","192.95K","-1.72%"
"12/28/2023","78.39","79.80","79.95","78.25","18.78K","-1.58%"
"12/27/2023","79.65","80.79","81.33","79.29","70.39K","-1.75%"
"12/26/2023","81.07","79.04","81.72","78.76","59.74K","2.53%"
"12/22/2023","79.07","79.35","80.37","78.88","119.19K","-0.40%"
"12/21/2023","79.39","79.00","80.13","77.81","193.32K","-0.39%"
"12/20/2023","79.70","79.17","80.60","79.07","241.81K","0.59%"
"12/19/2023","79.23","78.06","79.67","77.41","214.68K","1.64%"
"12/18/2023","77.95","76.80","79.51","75.76","279.47K","1.83%"
"12/15/2023","76.55","76.66","77.23","75.29","223.09K","-0.08%"
"12/14/2023","76.61","74.76","77.35","74.44","257.52K","3.16%"
"12/13/2023","74.26","73.26","74.70","72.29","260.18K","1.39%"
"12/12/2023","73.24","76.17","76.66","72.86","310.09K","-3.67%"
"12/11/2023","76.03","75.73","76.50","75.01","212.76K","0.25%"
"12/08/2023","75.84","74.59","76.36","74.20","228.45K","2.42%"
"12/07/2023","74.05","74.50","75.48","73.60","297.94K","-0.34%"
"12/06/2023","74.30","77.12","77.65","74.11","385.40K","-3.76%"
"12/05/2023","77.20","78.10","79.09","77.00","352.89K","-1.06%"
"12/04/2023","78.03","79.50","79.72","77.52","388.38K","-1.08%"
"12/01/2023","78.88","80.67","81.54","78.75","350.25K","-4.77%"
"11/30/2023","82.83","82.78","84.75","82.58","15.08K","-0.32%"
"11/29/2023","83.10","81.91","83.25","80.96","98.24K","1.74%"
"11/28/2023","81.68","80.19","82.16","79.80","112.50K","2.13%"
"11/27/2023","79.98","80.40","81.17","79.13","157.36K","-0.74%"
"11/24/2023","80.58","81.40","82.20","80.13","114.14K","-1.03%"
"11/23/2023","81.42","81.60","81.63","80.19","108.32K","-0.66%"
"11/22/2023","81.96","82.47","82.65","78.41","367.18K","-0.59%"
"11/21/2023","82.45","82.13","82.54","81.43","238.51K","0.16%"
"11/20/2023","82.32","80.30","82.94","79.58","248.33K","2.12%"
"11/17/2023","80.61","77.55","80.81","77.28","340.03K","4.12%"
"11/16/2023","77.42","80.98","81.17","76.60","441.64K","-4.63%"
"11/15/2023","81.18","82.39","83.04","80.79","299.42K","-1.56%"
"11/14/2023","82.47","82.71","83.97","82.06","248.94K","-0.06%"
"11/13/2023","82.52","81.43","82.84","80.41","243.30K","1.34%"
"11/10/2023","81.43","79.85","82.06","79.79","249.55K","1.77%"
"11/09/2023","80.01","79.70","81.48","79.44","306.11K","0.59%"
"11/08/2023","79.54","81.40","81.96","79.20","420.70K","-2.54%"
"11/07/2023","81.61","85.15","85.19","81.40","402.76K","-4.19%"
"11/06/2023","85.18","85.55","86.46","84.88","239.23K","0.34%"
"11/03/2023","84.89","86.92","87.80","84.56","354.85K","-2.26%"
"11/02/2023","86.85","85.00","87.05","84.64","301.87K","2.62%"
"11/01/2023","84.63","85.45","87.24","84.58","321.66K","-3.18%"
"10/31/2023","87.41","87.90","88.61","87.40","13.68K","-0.05%"
"10/30/2023","87.45","90.07","90.15","87.20","99.04K","-3.35%"
"10/27/2023","90.48","88.40","90.75","87.83","109.14K","2.90%"
"10/26/2023","87.93","89.92","90.40","87.53","198.64K","-2.44%"
"10/25/2023","90.13","88.04","90.35","86.68","290.91K","2.34%"
"10/24/2023","88.07","90.47","90.68","87.35","304.12K","-1.96%"
"10/23/2023","89.83","92.11","92.45","89.62","282.44K","-2.53%"
"10/20/2023","92.16","93.23","93.79","91.66","272.72K","-0.24%"
"10/19/2023","92.38","91.35","93.48","89.57","309.00K","0.96%"
"10/18/2023","91.50","91.25","93.00","90.60","348.19K","1.78%"
"10/17/2023","89.90","89.91","91.00","88.88","252.83K","0.28%"
"10/16/2023","89.65","90.98","91.39","89.50","283.25K","-1.36%"
"10/13/2023","90.89","86.35","91.00","86.28","424.71K","5.69%"
"10/12/2023","86.00","85.53","87.64","85.18","370.44K","0.21%"
"10/11/2023","85.82","87.72","88.26","85.21","402.31K","-2.09%"
"10/10/2023","87.65","88.17","88.49","86.91","352.11K","-0.57%"
"10/09/2023","88.15","86.45","89.00","86.00","412.76K","4.22%"
"10/06/2023","84.58","84.49","84.95","83.44","424.46K","0.61%"
"10/05/2023","84.07","85.88","86.52","83.84","510.68K","-2.03%"
"10/04/2023","85.81","91.04","91.21","85.75","525.56K","-5.62%"
"10/03/2023","90.92","90.40","91.56","89.50","437.64K","0.23%"
"10/02/2023","90.71","92.18","93.33","90.35","423.48K","-4.83%"
"09/29/2023","95.31","95.07","96.26","94.90","12.84K","-0.07%"
"09/28/2023","95.38","96.74","97.69","94.76","91.45K","-1.21%"
"09/27/2023","96.55","94.12","97.06","94.10","146.72K","2.76%"
"09/26/2023","93.96","93.28","94.21","91.80","169.45K","0.72%"
"09/25/2023","93.29","93.75","94.25","92.54","177.62K","0.02%"
"09/22/2023","93.27","93.37","94.64","92.80","240.04K","-0.03%"
"09/21/2023","93.30","93.08","94.60","92.20","314.69K","-0.25%"
"09/20/2023","93.53","94.49","94.72","92.76","330.59K","-0.86%"
"09/19/2023","94.34","94.66","95.96","94.16","403.40K","-0.10%"
"09/18/2023","94.43","94.28","94.95","93.79","337.78K","0.53%"
"09/15/2023","93.93","94.02","94.63","92.67","316.90K","0.25%"
"09/14/2023","93.70","92.04","94.21","92.02","310.00K","1.98%"
"09/13/2023","91.88","92.04","92.84","91.63","302.75K","-0.20%"
"09/12/2023","92.06","90.62","92.40","90.52","336.57K","1.57%"
"09/11/2023","90.64","90.83","91.45","90.11","303.42K","-0.01%"
"09/08/2023","90.65","89.79","91.02","89.30","298.14K","0.81%"
"09/07/2023","89.92","90.81","90.89","89.46","213.02K","-0.75%"
"09/06/2023","90.60","90.12","91.10","89.25","282.91K","0.62%"
"09/05/2023","90.04","88.91","91.15","88.06","428.45K","1.17%"
"09/04/2023","89.00","88.95","89.22","88.26","140.67K","0.51%"
"09/01/2023","88.55","86.82","88.99","86.74","380.76K","1.95%"
"08/31/2023","86.86","86.00","86.94","85.74","11.27K","1.16%"
"08/30/2023","85.86","85.62","86.23","85.11","86.74K","0.43%"
"08/29/2023","85.49","84.39","85.65","83.80","115.36K","1.27%"
"08/28/2023","84.42","84.87","85.23","84.11","88.35K","-0.07%"
"08/25/2023","84.48","83.26","84.97","82.67","230.35K","1.34%"
"08/24/2023","83.36","82.95","83.62","81.97","253.84K","0.18%"
"08/23/2023","83.21","83.99","84.26","81.94","361.61K","-0.98%"
"08/22/2023","84.03","84.46","84.66","83.85","287.35K","-0.51%"
"08/21/2023","84.46","84.80","85.86","84.31","289.24K","-0.40%"
"08/18/2023","84.80","83.88","85.08","83.33","287.97K","0.81%"
"08/17/2023","84.12","83.20","84.88","83.05","305.58K","0.80%"
"08/16/2023","83.45","85.20","85.36","83.13","334.45K","-1.70%"
"08/15/2023","84.89","86.12","86.68","84.29","305.41K","-1.53%"
"08/14/2023","86.21","86.53","86.71","85.50","267.09K","-0.69%"
"08/11/2023","86.81","86.37","87.35","85.84","318.06K","0.47%"
"08/10/2023","86.40","87.39","88.10","86.20","337.57K","-1.31%"
"08/09/2023","87.55","86.00","87.65","85.91","388.30K","1.60%"
"08/08/2023","86.17","85.79","86.34","83.32","375.87K","0.97%"
"08/07/2023","85.34","86.23","86.73","85.03","259.62K","-1.04%"
"08/04/2023","86.24","85.31","86.65","85.06","268.75K","1.29%"
"08/03/2023","85.14","83.46","85.41","82.36","392.61K","2.33%"
"08/02/2023","83.20","85.86","85.99","82.74","399.19K","-2.01%"
"08/01/2023","84.91","85.24","85.91","84.21","297.77K","-0.76%"
"07/31/2023","85.56","84.95","85.80","84.40","16.53K","0.67%"
"07/28/2023","84.99","83.71","85.09","83.22","102.84K","0.89%"
"07/27/2023","84.24","82.93","84.50","82.93","110.65K","1.59%"
"07/26/2023","82.92","83.19","83.85","82.58","173.82K","-0.86%"
"07/25/2023","83.64","82.85","83.87","82.22","234.66K","1.09%"
"07/24/2023","82.74","80.95","83.16","80.42","295.10K","2.06%"
"07/21/2023","81.07","79.78","81.24","79.65","294.35K","1.80%"
"07/20/2023","79.64","79.33","80.27","78.66","236.41K","0.23%"
"07/19/2023","79.46","79.84","80.93","79.17","311.44K","-0.21%"
"07/18/2023","79.63","78.52","79.99","78.19","366.47K","1.44%"
"07/17/2023","78.50","79.36","80.64","78.25","341.16K","-1.72%"
"07/14/2023","79.87","81.64","81.70","79.53","311.23K","-1.83%"
"07/13/2023","81.36","80.19","81.75","79.88","416.12K","1.56%"
"07/12/2023","80.11","79.32","80.55","79.21","362.33K","0.89%"
"07/11/2023","79.40","77.82","79.50","77.63","333.84K","2.20%"
"07/10/2023","77.69","78.60","78.77","77.36","288.40K","-0.99%"
"07/07/2023","78.47","76.52","78.54","76.03","331.53K","2.55%"
"07/06/2023","76.52","76.70","77.09","75.03","333.88K","-0.17%"
"07/05/2023","76.65","76.03","76.95","75.30","293.74K","0.52%"
"07/04/2023","76.25","74.89","76.29","74.74","157.96K","2.14%"
"07/03/2023","74.65","75.11","76.60","74.56","328.00K","-0.33%"
"06/30/2023","74.90","74.22","75.40","74.21","14.70K","0.75%"
"06/29/2023","74.34","73.72","74.98","73.39","72.87K","0.42%"
"06/28/2023","74.03","72.62","74.20","71.57","91.45K","2.45%"
"06/27/2023","72.26","74.28","74.90","72.08","161.15K","-2.59%"
"06/26/2023","74.18","74.50","74.85","73.42","150.17K","0.45%"
"06/23/2023","73.85","74.02","74.44","72.11","169.54K","-0.39%"
"06/22/2023","74.14","77.03","77.20","73.59","329.53K","-3.86%"
"06/21/2023","77.12","75.54","77.24","75.52","236.55K","1.61%"
"06/20/2023","75.90","76.12","77.15","74.51","276.38K","-0.25%"
"06/19/2023","76.09","76.40","76.93","75.34","141.42K","-0.68%"
"06/16/2023","76.61","75.64","76.74","75.08","256.25K","1.24%"
"06/15/2023","75.67","73.41","75.97","72.91","260.41K","3.37%"
"06/14/2023","73.20","74.05","75.49","73.03","318.37K","-1.47%"
"06/13/2023","74.29","72.11","74.66","71.94","321.15K","3.41%"
"06/12/2023","71.84","74.87","74.87","71.58","358.50K","-3.94%"
"06/09/2023","74.79","75.53","76.57","74.71","260.20K","-1.54%"
"06/08/2023","75.96","76.80","77.68","73.58","393.89K","-1.29%"
"06/07/2023","76.95","76.22","77.64","75.51","325.63K","0.87%"
"06/06/2023","76.29","76.55","76.75","74.72","304.58K","-0.55%"
"06/05/2023","76.71","77.68","78.73","76.31","384.00K","0.76%"
"06/02/2023","76.13","74.28","76.50","74.18","273.54K","2.49%"
"06/01/2023","74.28","72.15","75.25","72.03","349.92K","2.23%"
"05/31/2023","72.66","73.60","73.81","71.39","20.11K","-1.20%"
"05/30/2023","73.54","76.98","77.57","73.20","112.18K","-4.58%"
"05/29/2023","77.07","77.39","77.75","76.15","31.55K","0.16%"
"05/26/2023","76.95","76.09","77.35","75.73","150.62K","0.90%"
"05/25/2023","76.26","78.22","78.50","75.10","237.72K","-2.68%"
"05/24/2023","78.36","77.70","78.66","77.03","285.99K","1.98%"
"05/23/2023","76.84","76.15","77.74","75.65","287.23K","1.12%"
"05/22/2023","75.99","75.63","76.46","74.55","241.96K","0.54%"
"05/19/2023","75.58","76.03","77.50","75.12","240.53K","-0.37%"
"05/18/2023","75.86","76.78","76.99","75.50","232.00K","-1.43%"
"05/17/2023","76.96","74.67","77.31","74.10","297.06K","2.74%"
"05/16/2023","74.91","75.55","75.95","74.50","216.20K","-0.43%"
"05/15/2023","75.23","74.15","75.75","73.49","240.52K","1.43%"
"05/12/2023","74.17","75.35","75.85","74.03","259.22K","-1.08%"
"05/11/2023","74.98","76.62","77.41","74.61","345.16K","-1.87%"
"05/10/2023","76.41","77.36","77.60","75.68","311.37K","-1.33%"
"05/09/2023","77.44","76.71","77.50","75.07","283.41K","0.56%"
"05/08/2023","77.01","75.23","77.43","74.95","185.75K","2.27%"
"05/05/2023","75.30","72.69","75.75","72.41","265.07K","3.86%"
"05/04/2023","72.50","71.28","73.72","71.28","362.23K","0.24%"
"05/03/2023","72.33","75.31","75.58","71.70","469.62K","-3.97%"
"05/02/2023","75.32","79.28","79.78","75.07","383.59K","-5.03%"
"05/01/2023","79.31","80.11","80.24","78.13","146.56K","-0.29%"
"04/28/2023","79.54","78.25","79.61","77.69","13.30K","1.49%"
"04/27/2023","78.37","77.77","78.61","77.39","104.39K","0.88%"
"04/26/2023","77.69","80.92","81.47","77.46","172.82K","-3.81%"
"04/25/2023","80.77","82.59","83.06","80.35","209.28K","-2.37%"
"04/24/2023","82.73","81.87","82.99","80.48","197.90K","1.31%"
"04/21/2023","81.66","80.79","82.05","80.45","196.85K","0.69%"
"04/20/2023","81.10","82.75","82.92","80.77","302.90K","-2.43%"
"04/19/2023","83.12","84.90","85.15","82.39","333.22K","-1.95%"
"04/18/2023","84.77","84.74","85.41","83.81","315.70K","0.01%"
"04/17/2023","84.76","86.43","86.52","84.34","261.81K","-1.80%"
"04/14/2023","86.31","86.18","86.87","85.53","262.58K","0.26%"
"04/13/2023","86.09","87.19","87.47","86.05","291.94K","-1.42%"
"04/12/2023","87.33","85.59","87.49","85.39","347.80K","2.01%"
"04/11/2023","85.61","84.24","85.67","83.75","262.67K","1.70%"
"04/10/2023","84.18","85.10","85.66","84.09","140.53K","-1.10%"
"04/06/2023","85.12","84.89","85.45","84.05","259.62K","0.15%"
"04/05/2023","84.99","85.22","85.54","84.01","246.48K","0.06%"
"04/04/2023","84.94","84.89","86.04","83.82","308.53K","0.01%"
"04/03/2023","84.93","86.00","86.44","83.50","478.31K","6.47%"
"03/31/2023","79.77","79.19","79.80","78.54","6.85K","0.63%"
"03/30/2023","79.27","78.23","79.55","77.86","62.92K","1.26%"
"03/29/2023","78.28","78.97","79.68","77.94","79.54K","-0.47%"
"03/28/2023","78.65","78.23","79.20","77.54","145.68K","0.68%"
"03/27/2023","78.12","75.00","78.42","74.80","146.95K","4.17%"
"03/24/2023","74.99","75.53","76.32","72.68","156.31K","-1.21%"
"03/23/2023","75.91","75.87","77.44","75.12","199.64K","-1.02%"
"03/22/2023","76.69","75.15","77.12","74.50","194.04K","1.82%"
"03/21/2023","75.32","73.64","75.42","72.82","226.84K","2.07%"
"03/20/2023","73.79","73.01","73.87","70.12","282.57K","1.12%"
"03/17/2023","72.97","74.70","75.92","71.40","427.49K","-2.32%"
"03/16/2023","74.70","74.30","75.54","71.86","332.59K","1.37%"
"03/15/2023","73.69","77.82","78.73","71.67","547.56K","-4.85%"
"03/14/2023","77.45","80.54","80.92","76.89","357.86K","-4.11%"
"03/13/2023","80.77","82.60","83.48","78.34","467.28K","-2.43%"
"03/10/2023","82.78","81.47","83.11","80.73","369.28K","1.46%"
"03/09/2023","81.59","82.55","84.00","81.42","282.56K","-1.29%"
"03/08/2023","82.66","83.03","83.59","82.06","297.09K","-0.76%"
"03/07/2023","83.29","86.23","86.75","82.83","295.19K","-3.35%"
"03/06/2023","86.18","85.83","86.35","84.34","244.34K","0.41%"
"03/03/2023","85.83","84.61","86.00","82.36","312.90K","1.27%"
"03/02/2023","84.75","84.31","85.10","83.83","214.22K","0.52%"
"03/01/2023","84.31","83.05","84.49","82.61","242.66K","0.50%"
"02/28/2023","83.89","82.30","84.15","82.19","12.30K","1.75%"
"02/27/2023","82.45","83.19","83.60","81.73","58.85K","-0.85%"
"02/24/2023","83.16","82.49","83.39","81.07","107.15K","1.16%"
"02/23/2023","82.21","80.48","82.77","80.40","157.67K","2.00%"
"02/22/2023","80.60","82.78","83.25","80.43","253.14K","-2.95%"
"02/21/2023","83.05","83.86","84.20","82.56","231.63K","-1.21%"
"02/20/2023","84.07","83.15","84.30","82.73","143.85K","1.29%"
"02/17/2023","83.00","84.60","84.87","81.80","303.66K","-2.51%"
"02/16/2023","85.14","85.27","86.21","84.60","197.02K","-0.28%"
"02/15/2023","85.38","85.20","85.85","83.88","245.98K","-0.23%"
"02/14/2023","85.58","85.83","86.42","84.13","231.63K","-1.19%"
"02/13/2023","86.61","86.51","86.95","85.10","207.62K","0.25%"
"02/10/2023","86.39","84.22","86.90","83.93","297.34K","2.24%"
"02/09/2023","84.50","84.96","85.50","83.05","260.73K","-0.69%"
"02/08/2023","85.09","84.11","85.15","83.51","254.14K","1.67%"
"02/07/2023","83.69","81.26","84.13","81.19","290.98K","3.33%"
"02/06/2023","80.99","79.61","81.43","79.10","325.21K","1.31%"
"02/03/2023","79.94","82.27","84.20","79.62","330.32K","-2.71%"
"02/02/2023","82.17","83.34","83.61","81.25","287.09K","-0.81%"
"02/01/2023","82.84","85.56","86.21","82.37","348.66K","-1.95%"
"01/31/2023","84.49","85.18","85.25","83.73","11.89K","-0.48%"
"01/30/2023","84.90","86.88","87.48","84.66","65.55K","-2.03%"
"01/27/2023","86.66","87.65","88.95","85.69","107.08K","-0.93%"
"01/26/2023","87.47","86.35","88.01","85.74","139.10K","1.57%"
"01/25/2023","86.12","86.28","87.00","85.41","159.47K","-0.01%"
"01/24/2023","86.13","88.07","88.71","85.80","207.75K","-2.34%"
"01/23/2023","88.19","87.70","89.09","86.92","192.41K","0.64%"
"01/20/2023","87.63","86.42","87.79","85.58","212.92K","1.71%"
"01/19/2023","86.16","84.34","86.85","83.76","250.96K","1.39%"
"01/18/2023","84.98","86.45","87.85","84.36","288.15K","-1.09%"
"01/17/2023","85.92","84.20","86.82","84.04","238.30K","1.73%"
"01/16/2023","84.46","85.36","85.59","83.83","125.96K","-0.96%"
"01/13/2023","85.28","83.91","85.50","83.50","217.40K","1.49%"
"01/12/2023","84.03","82.88","84.62","82.37","264.07K","1.65%"
"01/11/2023","82.67","79.52","83.00","79.31","273.79K","3.21%"
"01/10/2023","80.10","79.54","80.89","78.81","244.35K","0.56%"
"01/09/2023","79.65","78.42","81.37","78.42","245.12K","1.37%"
"01/06/2023","78.57","78.80","80.59","78.05","215.42K","-0.15%"
"01/05/2023","78.69","78.16","79.97","77.61","259.58K","1.09%"
"01/04/2023","77.84","82.31","82.72","77.72","319.31K","-5.19%"
"01/03/2023","82.10","85.96","87.00","81.78","302.86K","-4.43%"
"12/30/2022","85.91","83.71","86.00","82.88","168.65K","4.44%"
"12/29/2022","82.26","82.88","83.14","81.28","10.99K","-1.20%"
"12/28/2022","83.26","84.60","84.76","81.92","57.56K","-1.27%"
"12/27/2022","84.33","84.50","85.60","83.65","62.00K","0.49%"
"12/23/2022","83.92","81.69","84.12","81.29","82.36K","3.63%"
"12/22/2022","80.98","82.52","83.85","80.67","166.01K","-1.48%"
"12/21/2022","82.20","79.94","82.52","79.55","148.44K","2.76%"
"12/20/2022","79.99","80.25","80.89","78.28","183.95K","0.24%"
"12/19/2022","79.80","79.21","80.87","78.60","174.24K","0.96%"
"12/16/2022","79.04","81.32","81.78","78.29","243.49K","-2.67%"
"12/15/2022","81.21","82.76","83.18","80.83","194.97K","-1.80%"
"12/14/2022","82.70","80.35","83.15","80.11","209.83K","2.50%"
"12/13/2022","80.68","78.13","81.28","78.10","243.82K","3.45%"
"12/12/2022","77.99","76.88","78.59","75.26","213.07K","2.48%"
"12/09/2022","76.10","76.63","77.48","75.11","216.50K","-0.07%"
"12/08/2022","76.15","77.46","79.17","75.74","259.02K","-1.32%"
"12/07/2022","77.17","79.76","80.49","76.91","279.37K","-2.75%"
"12/06/2022","79.35","83.28","83.69","78.70","309.55K","-4.03%"
"12/05/2022","82.68","85.73","88.44","82.52","252.90K","-3.38%"
"12/02/2022","85.57","86.90","87.91","85.16","198.73K","-1.51%"
"12/01/2022","86.88","86.78","89.37","86.26","229.13K","1.70%"
"11/30/2022","85.43","83.77","85.67","83.61","9.05K","2.89%"
"11/29/2022","83.03","82.41","86.00","82.39","67.93K","-0.19%"
"11/28/2022","83.19","83.58","84.10","80.61","102.56K","-0.53%"
"11/25/2022","83.63","85.50","86.87","83.59","85.31K","-2.00%"
"11/24/2022","85.34","85.04","85.54","83.90","75.61K","-0.08%"
"11/23/2022","85.41","88.47","89.56","84.12","212.14K","-3.34%"
"11/22/2022","88.36","87.76","89.90","87.35","190.85K","1.04%"
"11/21/2022","87.45","87.74","87.98","82.31","354.60K","-0.19%"
"11/18/2022","87.62","90.10","90.63","85.80","379.66K","-2.41%"
"11/17/2022","89.78","92.73","92.91","89.53","313.53K","-3.32%"
"11/16/2022","92.86","94.11","94.79","91.67","257.62K","-1.07%"
"11/15/2022","93.86","92.59","95.77","91.53","317.50K","0.77%"
"11/14/2022","93.14","95.87","96.95","92.50","248.25K","-2.97%"
"11/11/2022","95.99","93.84","96.92","93.69","238.07K","2.48%"
"11/10/2022","93.67","92.53","94.32","91.73","278.53K","1.10%"
"11/09/2022","92.65","95.17","95.65","92.33","308.02K","-2.84%"
"11/08/2022","95.36","98.24","98.30","95.00","251.67K","-2.61%"
"11/07/2022","97.92","97.31","99.56","96.50","241.94K","-0.66%"
"11/04/2022","98.57","94.58","98.81","94.33","307.09K","4.12%"
"11/03/2022","94.67","95.36","95.98","94.19","229.12K","-1.55%"
"11/02/2022","96.16","94.85","96.50","94.01","253.00K","1.60%"
"11/01/2022","94.65","92.67","95.55","92.33","247.65K","-0.19%"
"10/31/2022","94.83","96.47","96.47","94.25","15.00K","-0.98%"
"10/28/2022","95.77","96.58","96.89","94.96","89.94K","-1.23%"
"10/27/2022","96.96","96.05","97.27","95.07","84.57K","1.33%"
"10/26/2022","95.69","92.91","96.25","92.06","138.00K","2.32%"
"10/25/2022","93.52","93.47","94.38","91.62","165.51K","0.28%"
"10/24/2022","93.26","93.59","94.40","91.22","179.20K","-0.26%"
"10/21/2022","93.50","92.45","93.80","91.00","203.28K","1.21%"
"10/20/2022","92.38","92.40","94.77","91.91","237.54K","-0.03%"
"10/19/2022","92.41","90.79","92.85","89.32","272.35K","2.64%"
"10/18/2022","90.03","91.99","92.66","88.77","320.42K","-1.74%"
"10/17/2022","91.62","91.71","93.21","90.83","203.80K","-0.01%"
"10/14/2022","91.63","94.53","95.11","91.28","210.77K","-3.11%"
"10/13/2022","94.57","92.49","94.92","91.08","280.52K","2.29%"
"10/12/2022","92.45","93.72","95.17","91.56","257.66K","-1.95%"
"10/11/2022","94.29","95.93","96.46","93.11","259.03K","-1.98%"
"10/10/2022","96.19","98.75","98.75","95.60","215.37K","-1.77%"
"10/07/2022","97.92","94.71","98.58","93.94","269.40K","3.71%"
"10/06/2022","94.42","93.71","94.98","92.72","207.53K","1.12%"
"10/05/2022","93.37","91.89","93.96","90.76","296.20K","1.71%"
"10/04/2022","91.80","88.81","92.40","88.78","282.38K","3.31%"
"10/03/2022","88.86","86.35","89.82","86.35","270.69K","1.02%"
"09/30/2022","87.96","88.53","89.80","87.69","5.89K","-0.60%"
"09/29/2022","88.49","88.97","90.12","87.33","57.86K","-0.93%"
"09/28/2022","89.32","86.14","89.47","84.26","74.33K","3.54%"
"09/27/2022","86.27","84.05","87.15","84.01","104.09K","2.63%"
"09/26/2022","84.06","86.62","87.65","83.65","119.60K","-2.43%"
"09/23/2022","86.15","90.46","90.84","85.50","180.10K","-4.76%"
"09/22/2022","90.46","89.99","92.81","89.30","170.28K","0.70%"
"09/21/2022","89.83","90.74","93.50","89.30","216.93K","-0.87%"
"09/20/2022","90.62","92.15","93.05","89.80","188.56K","-1.50%"
"09/19/2022","92.00","91.43","92.57","88.50","138.53K","0.71%"
"09/16/2022","91.35","90.51","92.66","90.25","197.48K","0.56%"
"09/15/2022","90.84","94.65","94.66","90.03","257.62K","-3.46%"
"09/14/2022","94.10","93.40","95.80","91.93","259.90K","1.00%"
"09/13/2022","93.17","94.31","95.53","91.05","275.17K","-0.88%"
"09/12/2022","94.00","92.54","95.17","91.21","210.43K","1.25%"
"09/09/2022","92.84","88.62","93.12","88.60","202.94K","4.14%"
"09/08/2022","89.15","87.70","89.83","87.24","208.66K","1.31%"
"09/07/2022","88.00","92.81","93.80","87.40","300.20K","-5.20%"
"09/06/2022","92.83","95.19","95.94","92.30","225.95K","-3.04%"
"09/05/2022","95.74","93.02","96.99","93.02","144.26K","2.92%"
"09/02/2022","93.02","92.66","95.32","92.65","210.00K","0.71%"
"09/01/2022","92.36","95.18","95.68","91.81","297.55K","-4.28%"
"08/31/2022","96.49","99.79","100.46","95.44","10.07K","-2.84%"
"08/30/2022","99.31","104.90","105.45","97.55","59.83K","-5.50%"
"08/29/2022","105.09","100.67","105.48","100.16","53.03K","4.06%"
"08/26/2022","100.99","99.83","101.21","98.10","130.63K","1.66%"
"08/25/2022","99.34","101.73","102.47","99.12","161.49K","-1.86%"
"08/24/2022","101.22","100.19","101.90","99.10","183.73K","1.00%"
"08/23/2022","100.22","96.78","100.45","96.53","210.63K","3.88%"
"08/22/2022","96.48","95.95","97.28","92.36","207.64K","-0.25%"
"08/19/2022","96.72","96.68","97.88","94.25","178.60K","0.13%"
"08/18/2022","96.59","93.29","97.42","93.05","208.55K","3.14%"
"08/17/2022","93.65","92.67","94.48","91.51","199.19K","1.42%"
"08/16/2022","92.34","94.01","95.95","91.71","217.75K","-2.90%"
"08/15/2022","95.10","97.72","98.17","92.78","217.57K","-3.11%"
"08/12/2022","98.15","99.33","100.38","96.94","188.13K","-1.46%"
"08/11/2022","99.60","97.04","100.17","96.63","219.42K","2.26%"
"08/10/2022","97.40","96.34","97.97","93.63","247.74K","1.13%"
"08/09/2022","96.31","96.36","98.40","94.90","219.67K","-0.35%"
"08/08/2022","96.65","94.51","96.82","93.01","201.25K","1.82%"
"08/05/2022","94.92","93.65","96.40","92.78","216.20K","0.85%"
"08/04/2022","94.12","97.10","97.66","93.20","264.81K","-2.75%"
"08/03/2022","96.78","99.73","102.41","96.50","293.11K","-3.74%"
"08/02/2022","100.54","99.87","102.41","98.49","229.68K","0.51%"
"08/01/2022","100.03","103.92","104.43","99.09","272.84K","-9.07%"
"07/29/2022","110.01","108.00","110.67","106.90","9.13K","2.68%"
"07/28/2022","107.14","107.31","109.06","106.00","80.84K","0.49%"
"07/27/2022","106.62","104.75","107.86","103.73","77.69K","2.13%"
"07/26/2022","104.40","104.73","107.34","103.99","110.00K","-0.71%"
"07/25/2022","105.15","103.85","105.38","101.64","123.67K","1.89%"
"07/22/2022","103.20","103.86","105.72","101.90","137.24K","-0.64%"
"07/21/2022","103.86","106.49","106.78","101.50","228.70K","-2.86%"
"07/20/2022","106.92","107.07","107.45","105.08","186.70K","-0.40%"
"07/19/2022","107.35","105.74","107.61","103.60","226.40K","1.02%"
"07/18/2022","106.27","100.82","106.48","99.46","213.50K","5.05%"
"07/15/2022","101.16","99.91","102.64","98.17","218.09K","2.08%"
"07/14/2022","99.10","99.43","100.39","94.50","318.79K","-0.47%"
"07/13/2022","99.57","98.50","101.21","98.28","247.47K","0.08%"
"07/12/2022","99.49","106.25","106.56","98.90","275.62K","-7.11%"
"07/11/2022","107.10","107.00","107.70","103.64","194.66K","0.07%"
"07/08/2022","107.02","104.65","107.47","103.67","238.35K","2.26%"
"07/07/2022","104.65","100.14","106.35","98.50","279.66K","3.93%"
"07/06/2022","100.69","104.88","105.85","98.50","350.30K","-2.02%"
"07/05/2022","102.77","113.54","114.75","101.10","428.84K","-9.45%"
"07/04/2022","113.50","111.65","114.00","110.40","100.59K","1.68%"
"07/01/2022","111.63","109.49","112.45","108.03","235.42K","-2.77%"
"06/30/2022","114.81","116.01","116.67","114.22","7.11K","-1.25%"
"06/29/2022","116.26","117.96","120.41","115.20","54.34K","-1.46%"
"06/28/2022","117.98","115.74","118.27","115.72","65.76K","2.51%"
"06/27/2022","115.09","112.92","116.08","111.26","118.10K","1.74%"
"06/24/2022","113.12","110.04","114.00","109.24","134.18K","2.79%"
"06/23/2022","110.05","109.58","112.70","108.04","195.92K","-1.51%"
"06/22/2022","111.74","114.40","114.45","107.03","293.05K","-2.54%"
"06/21/2022","114.65","114.21","116.25","114.02","204.03K","0.46%"
"06/20/2022","114.13","113.88","114.50","111.52","161.60K","0.89%"
"06/17/2022","113.12","119.13","121.25","111.72","319.91K","-5.58%"
"06/16/2022","119.81","119.65","120.29","115.56","276.68K","1.10%"
"06/15/2022","118.51","120.79","121.88","117.75","231.06K","-2.20%"
"06/14/2022","121.17","121.88","125.19","118.91","291.26K","-0.90%"
"06/13/2022","122.27","121.94","123.70","118.93","257.11K","0.21%"
"06/10/2022","122.01","122.89","124.33","119.81","294.28K","-0.86%"
"06/09/2022","123.07","123.60","124.34","122.50","218.98K","-0.41%"
"06/08/2022","123.58","120.65","124.40","120.45","256.29K","2.50%"
"06/07/2022","120.57","119.94","121.37","118.55","276.72K","0.89%"
"06/06/2022","119.51","121.55","121.95","118.77","204.09K","-0.18%"
"06/03/2022","119.72","118.22","121.45","116.02","141.66K","1.79%"
"06/02/2022","117.61","115.02","118.46","112.45","216.90K","1.14%"
"06/01/2022","116.29","116.08","118.57","115.40","242.16K","-5.33%"
"05/31/2022","122.84","122.20","125.28","121.60","11.56K","0.96%"
"05/30/2022","121.67","119.28","122.01","118.98","42.41K","1.88%"
"05/27/2022","119.43","117.52","119.72","116.63","81.16K","1.73%"
"05/26/2022","117.40","114.35","118.00","113.85","123.58K","2.96%"
"05/25/2022","114.03","114.12","115.30","113.01","152.33K","0.41%"
"05/24/2022","113.56","112.79","114.63","111.70","191.73K","0.12%"
"05/23/2022","113.42","112.85","114.34","111.86","196.51K","0.77%"
"05/20/2022","112.55","111.45","113.23","110.52","180.89K","0.46%"
"05/19/2022","112.04","108.22","112.31","105.70","272.35K","2.69%"
"05/18/2022","109.11","112.91","114.15","108.35","245.04K","-2.52%"
"05/17/2022","111.93","114.42","115.69","111.09","277.89K","-2.02%"
"05/16/2022","114.24","111.67","114.79","108.84","218.44K","2.41%"
"05/13/2022","111.55","108.25","111.69","107.79","220.32K","3.82%"
"05/12/2022","107.45","107.67","108.71","104.69","264.26K","-0.06%"
"05/11/2022","107.51","101.51","108.29","101.30","287.53K","4.93%"
"05/10/2022","102.46","105.50","106.96","101.54","327.99K","-3.28%"
"05/09/2022","105.94","112.94","113.20","105.00","302.17K","-5.74%"
"05/06/2022","112.39","111.27","113.50","109.87","249.83K","1.34%"
"05/05/2022","110.90","110.55","114.00","109.20","279.88K","0.69%"
"05/04/2022","110.14","105.91","111.00","105.46","241.68K","4.93%"
"05/03/2022","104.97","107.61","108.32","104.62","184.20K","-2.43%"
"05/02/2022","107.58","106.30","108.46","103.10","151.34K","-1.61%"
"04/29/2022","109.34","107.55","110.30","107.00","12.02K","1.63%"
"04/28/2022","107.59","104.96","108.00","103.29","73.32K","2.16%"
"04/27/2022","105.32","105.45","106.33","103.27","67.06K","0.31%"
"04/26/2022","104.99","102.53","106.20","101.08","138.20K","2.61%"
"04/25/2022","102.32","105.49","105.85","99.48","156.35K","-4.06%"
"04/22/2022","106.65","108.26","108.76","105.54","125.87K","-1.55%"
"04/21/2022","108.33","107.07","109.80","106.76","185.38K","1.43%"
"04/20/2022","106.80","108.10","109.00","104.65","243.67K","-0.42%"
"04/19/2022","107.25","112.85","114.21","106.74","239.91K","-5.22%"
"04/18/2022","113.16","112.32","114.84","110.71","132.15K","1.31%"
"04/14/2022","111.70","108.29","112.39","106.63","210.18K","2.68%"
"04/13/2022","108.78","105.44","109.00","104.06","247.26K","3.96%"
"04/12/2022","104.64","99.35","105.60","98.90","273.95K","6.26%"
"04/11/2022","98.48","103.21","103.30","97.57","238.69K","-4.18%"
"04/08/2022","102.78","101.42","103.30","99.65","217.64K","2.19%"
"04/07/2022","100.58","101.78","103.59","98.41","296.03K","-0.48%"
"04/06/2022","101.07","105.70","108.67","100.54","286.52K","-5.22%"
"04/05/2022","106.64","108.51","109.90","104.53","203.06K","-0.83%"
"04/04/2022","107.53","104.08","108.68","102.89","218.68K","3.01%"
"04/01/2022","104.39","105.25","106.24","102.35","238.62K","-3.26%"
"03/31/2022","107.91","112.81","112.94","106.50","8.68K","-4.88%"
"03/30/2022","113.45","112.00","114.80","110.74","72.33K","2.92%"
"03/29/2022","110.23","110.10","114.83","104.84","93.68K","-2.00%"
"03/28/2022","112.48","119.90","119.90","109.06","150.82K","-6.77%"
"03/25/2022","120.65","118.88","120.92","115.16","133.46K","1.36%"
"03/24/2022","119.03","121.56","123.74","116.93","177.66K","-2.11%"
"03/23/2022","121.60","114.70","122.34","114.45","224.53K","5.30%"
"03/22/2022","115.48","117.04","119.48","112.64","204.66K","-0.12%"
"03/21/2022","115.62","107.50","116.80","107.06","196.49K","7.12%"
"03/18/2022","107.93","106.80","109.59","105.78","168.91K","1.21%"
"03/17/2022","106.64","98.61","107.50","97.75","200.95K","8.79%"
"03/16/2022","98.02","99.14","103.70","96.93","246.82K","-1.89%"
"03/15/2022","99.91","105.34","105.71","97.44","318.12K","-6.54%"
"03/14/2022","106.90","113.15","113.15","103.49","265.91K","-5.12%"
"03/11/2022","112.67","110.26","113.91","107.13","287.39K","3.05%"
"03/10/2022","109.33","112.65","118.36","109.00","352.34K","-1.63%"
"03/09/2022","111.14","130.28","131.64","105.60","521.58K","-13.16%"
"03/08/2022","127.98","124.56","133.15","121.31","469.99K","3.87%"
"03/07/2022","123.21","122.79","139.13","119.04","419.93K","4.32%"
"03/04/2022","118.11","114.23","118.98","109.62","334.41K","6.93%"
"03/03/2022","110.46","115.27","119.84","109.40","452.52K","-2.19%"
"03/02/2022","112.93","107.34","115.11","106.83","490.57K","7.58%"
"03/01/2022","104.97","98.43","107.67","98.30","492.51K","3.94%"
"02/28/2022","100.99","101.98","105.07","99.64","22.96K","3.12%"
"02/25/2022","97.93","100.69","101.99","96.00","68.98K","-1.16%"
"02/24/2022","99.08","98.08","105.79","97.56","167.79K","2.31%"
"02/23/2022","96.84","96.65","98.71","95.81","238.63K","0.00%"
"02/22/2022","96.84","96.55","99.50","95.80","316.38K","1.52%"
"02/21/2022","95.39","94.29","97.40","92.57","217.04K","1.98%"
"02/18/2022","93.54","92.73","94.15","90.12","348.35K","0.61%"
"02/17/2022","92.97","92.20","94.50","92.14","347.79K","-1.94%"
"02/16/2022","94.81","93.49","96.07","91.11","393.79K","1.64%"
"02/15/2022","93.28","95.81","96.26","92.06","378.25K","-3.32%"
"02/14/2022","96.48","95.20","96.78","93.44","373.09K","2.16%"
"02/11/2022","94.44","91.17","95.66","90.51","452.11K","3.31%"
"02/10/2022","91.41","91.75","93.10","90.88","369.01K","-0.15%"
"02/09/2022","91.55","91.08","92.09","90.05","294.00K","0.85%"
"02/08/2022","90.78","92.63","92.93","89.93","368.55K","-2.06%"
"02/07/2022","92.69","92.75","94.00","92.13","317.29K","-0.62%"
"02/04/2022","93.27","91.30","93.70","91.20","322.13K","2.37%"
"02/03/2022","91.11","89.07","91.30","88.02","301.79K","1.83%"
"02/02/2022","89.47","89.48","90.52","88.28","319.43K","0.35%"
"02/01/2022","89.16","89.62","89.96","87.72","271.77K","-2.25%"
"01/31/2022","91.21","90.80","91.48","90.61","11.01K","1.31%"
"01/28/2022","90.03","89.98","91.70","89.41","102.01K","0.77%"
"01/27/2022","89.34","89.70","91.04","89.00","131.70K","-0.69%"
"01/26/2022","89.96","87.95","90.47","87.79","260.11K","2.00%"
"01/25/2022","88.20","86.76","88.37","86.20","256.21K","2.24%"
"01/24/2022","86.27","87.93","88.90","85.04","309.89K","-1.84%"
"01/21/2022","87.89","86.75","88.23","85.71","288.21K","-0.55%"
"01/20/2022","88.38","87.89","89.50","87.05","279.52K","-0.07%"
"01/19/2022","88.44","88.65","89.17","87.61","350.94K","1.06%"
"01/18/2022","87.51","86.47","88.66","86.44","356.88K","1.19%"
"01/17/2022","86.48","86.15","86.71","85.54","139.82K","0.49%"
"01/14/2022","86.06","84.12","86.50","83.99","304.72K","1.88%"
"01/13/2022","84.47","84.87","85.10","83.79","265.20K","-0.24%"
"01/12/2022","84.67","83.78","85.21","83.52","301.39K","1.13%"
"01/11/2022","83.72","81.08","83.98","80.89","324.94K","3.52%"
"01/10/2022","80.87","81.76","82.30","80.50","300.65K","-1.08%"
"01/07/2022","81.75","82.00","83.00","81.42","286.11K","-0.29%"
"01/06/2022","81.99","80.22","82.83","79.61","353.16K","1.47%"
"01/05/2022","80.80","80.07","81.50","79.51","331.74K","1.00%"
"01/04/2022","80.00","78.91","80.55","78.62","291.68K","1.29%"
"01/03/2022","78.98","78.11","79.28","77.04","201.03K","1.54%"